id,run_id,experiment_id,question_id,language,mitigation_enabled,original_query,normalized_query,mitigation_applied,retrieved_document_ids,retrieved_context,generated_answer,faithfulness_score,hallucination_flag,faithfulness_explanation,embedding_model,generator_model,judge_model,started_at,completed_at,error
1,d4ea3527-7d07-4511-b45a-e658db3f3144,english_baseline,SMOKE-Q01,english,0,What are the requirements for a loan?,,0,"[""7734bc2b7cac2e90_c8"", ""4a59037b0e30a112_c0"", ""7734bc2b7cac2e90_c0"", ""7734bc2b7cac2e90_c9"", ""7734bc2b7cac2e90_c2""]","Please answer the following query based only on the context provided below.

<context>
--- Document 1 ---
ship annually, scholars must maintain a minimum CGPA of 3.60 and have zero disciplinary violations. Need-based financial assistance applications open annually on June 1st and require submission of authenticated family tax filings, bank declarations, and income verification documents.

--- Document 2 ---
What documents are required for outward foreign currency wire transfers?

Outward remittances under the Liberalised Remittance Scheme (LRS) require submission of Form A2, a signed declaration of remittance purpose, valid passport copy, recipient bank SWIFT code, and Permanent Account Number (PAN) card verification.

--- Document 3 ---
# University Academic Regulations and Student Policies

## Section 1: Admission and Enrollment Eligibility

--- Document 4 ---
mission of authenticated family tax filings, bank declarations, and income verification documents.

## Section 4: Examination Conduct and Integrity Policy

--- Document 5 ---
3.0 out of 4.0 or an equivalent 75% aggregate in their secondary school certification examinations. International applicants whose primary medium of education was not English are required to present valid language proficiency scores: either an IELTS Academic overall band of at least 6.5 with no individual band below 6.0, or a TOEFL iBT score of 85 or above. Candidates from bilingual curricula must submit official transcripts translated into English by a certified authority.
</context>

Query: What are the requirements for a loan?
",You need a good credit score.,0.0,1,Judge failed to return valid JSON.,intfloat/multilingual-e5-base,llama3-8b-8192,llama-3.1-8b-instant,2026-09-16T12:40:41.484403+00:00,2026-09-16T12:41:39.066359+00:00,
2,ccd824df-d252-432e-97f0-1a7086760b41,english_mitigated,SMOKE-Q01,english,1,What are the requirements for a loan?,,0,"[""7734bc2b7cac2e90_c8"", ""4a59037b0e30a112_c0"", ""7734bc2b7cac2e90_c0"", ""7734bc2b7cac2e90_c9"", ""7734bc2b7cac2e90_c2""]","Please answer the following query based only on the context provided below.

<context>
--- Document 1 ---
ship annually, scholars must maintain a minimum CGPA of 3.60 and have zero disciplinary violations. Need-based financial assistance applications open annually on June 1st and require submission of authenticated family tax filings, bank declarations, and income verification documents.

--- Document 2 ---
What documents are required for outward foreign currency wire transfers?

Outward remittances under the Liberalised Remittance Scheme (LRS) require submission of Form A2, a signed declaration of remittance purpose, valid passport copy, recipient bank SWIFT code, and Permanent Account Number (PAN) card verification.

--- Document 3 ---
# University Academic Regulations and Student Policies

## Section 1: Admission and Enrollment Eligibility

--- Document 4 ---
mission of authenticated family tax filings, bank declarations, and income verification documents.

## Section 4: Examination Conduct and Integrity Policy

--- Document 5 ---
3.0 out of 4.0 or an equivalent 75% aggregate in their secondary school certification examinations. International applicants whose primary medium of education was not English are required to present valid language proficiency scores: either an IELTS Academic overall band of at least 6.5 with no individual band below 6.0, or a TOEFL iBT score of 85 or above. Candidates from bilingual curricula must submit official transcripts translated into English by a certified authority.
</context>

Query: What are the requirements for a loan?
",You need a good credit score.,0.0,1,Judge failed to return valid JSON.,intfloat/multilingual-e5-base,llama3-8b-8192,llama-3.1-8b-instant,2026-09-16T12:41:39.078111+00:00,2026-09-16T12:41:39.171163+00:00,
5,96fec856-baa3-4207-b4a2-f3e098f296b2,hindi_english_baseline,SMOKE-Q01,hindi_english,0,Loan requirements kya hai?,,0,"[""7734bc2b7cac2e90_c8"", ""7734bc2b7cac2e90_c0"", ""dd28e57a50d2b11e_c0"", ""650a8d084f403647_c0"", ""4a59037b0e30a112_c0""]","Please answer the following query based only on the context provided below.

<context>
--- Document 1 ---
ship annually, scholars must maintain a minimum CGPA of 3.60 and have zero disciplinary violations. Need-based financial assistance applications open annually on June 1st and require submission of authenticated family tax filings, bank declarations, and income verification documents.

--- Document 2 ---
# University Academic Regulations and Student Policies

## Section 1: Admission and Enrollment Eligibility

--- Document 3 ---
What are the minimum average balance requirements for savings accounts?

For urban and metro branch savings accounts, the required monthly average balance (MAB) is 10,000 INR. For semi-urban branches, the requirement is 5,000 INR, and for rural branches, it is 2,000 INR. Failure to maintain the required MAB incurs a quarterly maintenance surcharge ranging from 150 to 500 INR.

--- Document 4 ---
What is the daily transaction limit for UPI transfers?

The standard daily limit for Unified Payments Interface (UPI) transfers is 100,000 INR per bank account per 24-hour cycle. Specific peer-to-merchant or educational and healthcare transactions may have an enhanced threshold of up to 500,000 INR subject to bank verification.

--- Document 5 ---
What documents are required for outward foreign currency wire transfers?

Outward remittances under the Liberalised Remittance Scheme (LRS) require submission of Form A2, a signed declaration of remittance purpose, valid passport copy, recipient bank SWIFT code, and Permanent Account Number (PAN) card verification.
</context>

Query: Loan requirements kya hai?
",You need a good credit score.,0.0,1,Judge failed to return valid JSON.,intfloat/multilingual-e5-base,llama3-8b-8192,llama-3.1-8b-instant,2026-09-16T12:41:39.375922+00:00,2026-09-16T12:41:39.459820+00:00,
6,492a24cf-5333-4dcd-8f40-7ad58859abd5,hindi_english_mitigated,SMOKE-Q01,hindi_english,1,Loan requirements kya hai?,,0,"[""7734bc2b7cac2e90_c8"", ""7734bc2b7cac2e90_c0"", ""dd28e57a50d2b11e_c0"", ""650a8d084f403647_c0"", ""4a59037b0e30a112_c0""]","Please answer the following query based only on the context provided below.

<context>
--- Document 1 ---
ship annually, scholars must maintain a minimum CGPA of 3.60 and have zero disciplinary violations. Need-based financial assistance applications open annually on June 1st and require submission of authenticated family tax filings, bank declarations, and income verification documents.

--- Document 2 ---
# University Academic Regulations and Student Policies

## Section 1: Admission and Enrollment Eligibility

--- Document 3 ---
What are the minimum average balance requirements for savings accounts?

For urban and metro branch savings accounts, the required monthly average balance (MAB) is 10,000 INR. For semi-urban branches, the requirement is 5,000 INR, and for rural branches, it is 2,000 INR. Failure to maintain the required MAB incurs a quarterly maintenance surcharge ranging from 150 to 500 INR.

--- Document 4 ---
What is the daily transaction limit for UPI transfers?

The standard daily limit for Unified Payments Interface (UPI) transfers is 100,000 INR per bank account per 24-hour cycle. Specific peer-to-merchant or educational and healthcare transactions may have an enhanced threshold of up to 500,000 INR subject to bank verification.

--- Document 5 ---
What documents are required for outward foreign currency wire transfers?

Outward remittances under the Liberalised Remittance Scheme (LRS) require submission of Form A2, a signed declaration of remittance purpose, valid passport copy, recipient bank SWIFT code, and Permanent Account Number (PAN) card verification.
</context>

Query: Loan requirements kya hai?
",You need a good credit score.,0.0,1,Judge failed to return valid JSON.,intfloat/multilingual-e5-base,llama3-8b-8192,llama-3.1-8b-instant,2026-09-16T12:41:39.470911+00:00,2026-09-16T12:41:39.558162+00:00,
3,fcd3fe65-9a98-444a-bc35-61b5b223621e,tamil_english_baseline,SMOKE-Q01,tamil_english,0,Loan requirements enna?,,0,"[""7734bc2b7cac2e90_c8"", ""7734bc2b7cac2e90_c2"", ""4a59037b0e30a112_c0"", ""dd28e57a50d2b11e_c0"", ""7734bc2b7cac2e90_c0""]","Please answer the following query based only on the context provided below.

<context>
--- Document 1 ---
ship annually, scholars must maintain a minimum CGPA of 3.60 and have zero disciplinary violations. Need-based financial assistance applications open annually on June 1st and require submission of authenticated family tax filings, bank declarations, and income verification documents.

--- Document 2 ---
3.0 out of 4.0 or an equivalent 75% aggregate in their secondary school certification examinations. International applicants whose primary medium of education was not English are required to present valid language proficiency scores: either an IELTS Academic overall band of at least 6.5 with no individual band below 6.0, or a TOEFL iBT score of 85 or above. Candidates from bilingual curricula must submit official transcripts translated into English by a certified authority.

--- Document 3 ---
What documents are required for outward foreign currency wire transfers?

Outward remittances under the Liberalised Remittance Scheme (LRS) require submission of Form A2, a signed declaration of remittance purpose, valid passport copy, recipient bank SWIFT code, and Permanent Account Number (PAN) card verification.

--- Document 4 ---
What are the minimum average balance requirements for savings accounts?

For urban and metro branch savings accounts, the required monthly average balance (MAB) is 10,000 INR. For semi-urban branches, the requirement is 5,000 INR, and for rural branches, it is 2,000 INR. Failure to maintain the required MAB incurs a quarterly maintenance surcharge ranging from 150 to 500 INR.

--- Document 5 ---
# University Academic Regulations and Student Policies

## Section 1: Admission and Enrollment Eligibility
</context>

Query: Loan requirements enna?
",You need a good credit score.,0.0,1,Judge failed to return valid JSON.,intfloat/multilingual-e5-base,llama3-8b-8192,llama-3.1-8b-instant,2026-09-16T12:41:39.180731+00:00,2026-09-16T12:41:39.265470+00:00,
4,ab7544d6-7a2e-48ef-9414-0f48188ece57,tamil_english_mitigated,SMOKE-Q01,tamil_english,1,Loan requirements enna?,,0,"[""7734bc2b7cac2e90_c8"", ""7734bc2b7cac2e90_c2"", ""4a59037b0e30a112_c0"", ""dd28e57a50d2b11e_c0"", ""7734bc2b7cac2e90_c0""]","Please answer the following query based only on the context provided below.

<context>
--- Document 1 ---
ship annually, scholars must maintain a minimum CGPA of 3.60 and have zero disciplinary violations. Need-based financial assistance applications open annually on June 1st and require submission of authenticated family tax filings, bank declarations, and income verification documents.

--- Document 2 ---
3.0 out of 4.0 or an equivalent 75% aggregate in their secondary school certification examinations. International applicants whose primary medium of education was not English are required to present valid language proficiency scores: either an IELTS Academic overall band of at least 6.5 with no individual band below 6.0, or a TOEFL iBT score of 85 or above. Candidates from bilingual curricula must submit official transcripts translated into English by a certified authority.

--- Document 3 ---
What documents are required for outward foreign currency wire transfers?

Outward remittances under the Liberalised Remittance Scheme (LRS) require submission of Form A2, a signed declaration of remittance purpose, valid passport copy, recipient bank SWIFT code, and Permanent Account Number (PAN) card verification.

--- Document 4 ---
What are the minimum average balance requirements for savings accounts?

For urban and metro branch savings accounts, the required monthly average balance (MAB) is 10,000 INR. For semi-urban branches, the requirement is 5,000 INR, and for rural branches, it is 2,000 INR. Failure to maintain the required MAB incurs a quarterly maintenance surcharge ranging from 150 to 500 INR.

--- Document 5 ---
# University Academic Regulations and Student Policies

## Section 1: Admission and Enrollment Eligibility
</context>

Query: Loan requirements enna?
",You need a good credit score.,0.0,1,Judge failed to return valid JSON.,intfloat/multilingual-e5-base,llama3-8b-8192,llama-3.1-8b-instant,2026-09-16T12:41:39.276781+00:00,2026-09-16T12:41:39.365081+00:00,
